Voucher No,,,,,,,,,,,,,
88,,,,,,,,,,,,,
97,,,,,,,,,,,,,
115,,,,,,,,,,,,,
117,,,,,,,,,,,,,
125,,,,,,,,,,,,,
128,,,,,,,,,,,,,
134,,,,,,,,,,,,,
141,,,,,,,,,,,,,
148,,,,,,,,,,,,,
147,,,,,,,,,,,,,
146,,,,,,,,,,,,,
150,,,,,,,,,,,,,
151,,,,,,,,,,,,,
152,,,,,,,,,,,,,
153,,,,,,,,,,,,,
164,,,,,,,,,,,,,
167,,,,,,,,,,,,,
174,,,,,,,,,,,,,
185,,,,,,,,,,,,,
186,,,,,,,,,,,,,
187,,,,,,,,,,,,,
189,,,,,,,,,,,,,
199,,,,,,,,,,,,,
200,,,,,,,,,,,,,
202,,,,,,,,,,,,,
209,,,,,,,,,,,,,
210,,,,,,,,,,,,,
211,,,,,,,,,,,,,
216,,,,,,,,,,,,,
215,,,,,,,,,,,,,
225,,,,,,,,,,,,,
231,,,,,,,,,,,,,
232,,,,,,,,,,,,,
234,,,,,,,,,,,,,
237,,,,,,,,,,,,,
238,,,,,,,,,,,,,
313,,,,,,,,,,,,,
270,,,,,,,,,,,,,
276,,,,,,,,,,,,,
277,,,,,,,,,,,,,
288,,,,,,,,,,,,,
291,,,,,,,,,,,,,
292,,,,,,,,,,,,,
297,,,,,,,,,,,,,
298,,,,,,,,,,,,,
326,,,,,,,,,,,,,
333,,,,,,,,,,,,,
339,,,,,,,,,,,,,
340,,,,,,,,,,,,,
343,,,,,,,,,,,,,
345,,,,,,,,,,,,,
351,,,,,,,,,,,,,
344,,,,,,,,,,,,,
346,,,,,,,,,,,,,
378,,,,,,,,,,,,,
386,,,,,,,,,,,,,
387,,,,,,,,,,,,,
388,,,,,,,,,,,,,
392,,,,,,,,,,,,,
399,,,,,,,,,,,,,
400,,,,,,,,,,,,,
401,,,,,,,,,,,,,
394,,,,,,,,,,,,,
396,,,,,,,,,,,,,
397,,,,,,,,,,,,,
398,,,,,,,,,,,,,
393,,,,,,,,,,,,,
395,,,,,,,,,,,,,
403,,,,,,,,,,,,,
402,,,,,,,,,,,,,
416,,,,,,,,,,,,,
427,,,,,,,,,,,,,
